Project_ID,Start_Date,End_Date,Duration_Days,Team_Size,Budget_USD,Complexity,Client_Satisfaction,Project_Success
P0000,2021-04-13,2021-06-14,62,29,484686,Low,7,1
P0001,2022-03-12,2022-10-06,208,49,441413,Low,7,0
P0002,2021-09-28,2022-02-05,130,46,313988,Low,6,1
P0003,2021-04-17,2022-02-08,297,29,336898,Medium,6,1
P0004,2021-03-13,2022-02-28,352,22,437373,High,9,1
P0005,2022-12-02,2023-03-06,94,44,349273,Low,6,0
P0006,2021-01-21,2021-08-06,197,12,312186,Medium,2,1
P0007,2022-09-07,2023-09-01,359,43,71665,Medium,2,1
P0008,2021-05-02,2021-07-13,72,44,256584,Medium,5,1
P0009,2022-04-12,2022-06-24,73,18,126953,Medium,4,0
P0010,2021-08-03,2022-06-13,314,36,486072,Low,2,1
P0011,2021-11-27,2022-01-07,41,42,168448,Medium,3,0
P0012,2022-04-04,2022-08-06,124,37,196626,Medium,7,1
P0013,2021-03-29,2022-02-23,331,27,155271,Low,8,0
P0014,2022-01-08,2022-10-17,282,19,128533,Medium,6,1
P0015,2021-04-10,2022-01-06,271,37,484628,Low,5,1
P0016,2022-10-26,2022-12-29,64,29,454164,Medium,1,1
P0017,2021-05-11,2022-01-10,244,21,83781,Medium,8,0
P0018,2022-10-24,2023-02-20,119,37,475966,Medium,3,0
P0019,2021-11-05,2022-08-25,293,6,76262,Medium,6,1
P0020,2021-12-10,2022-04-11,122,18,318744,Low,3,1
P0021,2022-05-07,2022-09-03,119,44,86898,Medium,7,1
P0022,2022-02-18,2022-07-12,144,44,465699,Low,7,1
P0023,2022-01-21,2022-06-04,134,43,159369,Low,9,0
P0024,2021-07-11,2022-02-21,225,10,40448,High,5,0
P0025,2021-10-04,2022-09-12,343,10,298316,Low,8,1
P0026,2021-06-10,2021-10-31,143,7,446090,Medium,10,0
P0027,2022-04-05,2022-07-18,104,11,17657,Medium,10,0
P0028,2021-11-10,2022-07-14,246,12,487602,Low,8,1
P0029,2021-01-22,2021-11-24,306,46,266689,Low,1,1
P0030,2021-09-10,2022-06-15,278,19,428641,Low,5,0
P0031,2022-07-15,2023-01-24,193,33,429901,High,3,1
P0032,2022-04-20,2022-11-27,221,37,384999,Medium,1,1
P0033,2021-02-28,2021-11-11,256,34,427794,Low,4,1
P0034,2022-05-26,2022-12-18,206,43,169903,Medium,8,1
P0035,2022-11-13,2023-03-21,128,31,17906,Medium,3,0
P0036,2022-04-21,2022-06-25,65,40,333557,Low,10,1
P0037,2022-12-01,2023-04-05,125,33,64028,Medium,2,1
P0038,2021-07-09,2022-01-06,181,42,279431,Medium,9,1
P0039,2022-11-18,2023-05-17,180,37,305804,High,10,1
P0040,2022-07-17,2023-02-21,219,41,478974,Low,5,1
P0041,2022-07-21,2023-03-31,253,31,332648,Low,7,0
P0042,2021-09-01,2021-11-06,66,37,200792,Low,2,1
P0043,2022-05-20,2023-03-13,297,8,112979,Medium,9,1
P0044,2021-05-11,2021-12-09,212,26,44701,Low,9,0
P0045,2022-04-30,2022-06-11,42,6,93300,Medium,4,0
P0046,2022-10-09,2023-08-13,308,14,251249,Medium,4,1
P0047,2021-01-21,2021-09-24,246,9,158746,Medium,6,0
P0048,2021-06-16,2022-04-27,315,14,93560,Medium,10,0
P0049,2021-10-01,2022-07-30,302,37,252615,High,10,1
P0050,2022-01-23,2022-04-24,91,42,427090,Medium,10,1
P0051,2022-08-24,2022-12-15,113,17,53642,Medium,6,0
P0052,2021-11-12,2022-07-16,246,35,337304,Low,1,0
P0053,2021-01-14,2021-08-18,216,40,289746,High,9,1
P0054,2021-08-30,2021-10-17,48,49,375464,Low,2,0
P0055,2021-12-12,2022-07-06,206,28,98801,Low,5,1
P0056,2022-07-19,2022-11-25,129,19,298075,Low,9,0
P0057,2021-12-06,2022-08-25,262,33,104377,Medium,4,1
P0058,2021-04-02,2021-07-16,105,12,301336,Low,3,1
P0059,2022-01-02,2022-10-23,294,9,318686,Low,7,0
P0060,2022-03-31,2023-02-07,313,33,399159,Low,6,1
P0061,2022-03-04,2022-10-25,235,8,314664,Low,8,1
P0062,2022-05-24,2023-01-31,252,16,336916,Medium,3,0
P0063,2021-02-04,2021-04-26,81,49,461978,Medium,5,1
P0064,2021-07-25,2022-01-14,173,6,322250,Low,10,1
P0065,2021-03-22,2021-06-28,98,31,91121,Medium,4,0
P0066,2022-07-16,2022-11-21,128,35,35559,Medium,4,0
P0067,2022-01-23,2022-03-18,54,40,377739,Low,4,1
P0068,2021-01-02,2021-03-25,82,40,43742,Low,10,1
P0069,2022-01-25,2022-07-24,180,30,341813,High,8,1
P0070,2022-07-20,2023-01-09,173,47,483415,Medium,6,1
P0071,2021-04-16,2021-07-11,86,31,162826,Low,3,0
P0072,2022-04-22,2022-06-29,68,9,145044,Medium,10,1
P0073,2022-12-04,2023-04-21,138,24,342975,Low,5,0
P0074,2022-02-06,2022-09-04,210,15,122217,Medium,6,1
P0075,2022-12-31,2023-03-12,71,14,51873,Low,5,0
P0076,2022-07-10,2023-02-10,215,44,497877,Low,6,1
P0077,2021-06-11,2022-02-18,252,42,378676,Low,8,1
P0078,2021-07-21,2021-12-19,151,10,398411,High,7,0
P0079,2021-09-27,2022-03-08,162,12,413119,Medium,5,0
P0080,2021-09-28,2022-04-08,192,27,144092,Low,10,1
P0081,2022-04-01,2022-12-01,244,30,313899,Low,6,1
P0082,2022-04-07,2022-12-13,250,47,358100,Medium,4,0
P0083,2022-12-28,2023-09-18,264,16,96988,Low,9,1
P0084,2021-09-09,2022-09-04,360,30,55648,Low,4,1
P0085,2022-12-03,2023-05-27,175,17,135991,High,1,0
P0086,2021-10-23,2022-07-18,268,44,412732,Low,7,1
P0087,2022-12-26,2023-04-10,105,22,387149,Medium,7,0
P0088,2022-12-21,2023-01-28,38,29,12396,High,4,0
P0089,2021-12-04,2022-03-17,103,37,94082,Low,3,1
P0090,2021-02-22,2021-12-01,282,44,422345,Low,8,1
P0091,2021-08-05,2022-04-21,259,47,138322,Low,5,1
P0092,2021-07-07,2021-08-12,36,16,142663,High,10,0
P0093,2022-01-15,2022-08-06,203,48,21303,High,7,1
P0094,2022-05-08,2022-10-25,170,40,171633,Medium,4,0
P0095,2021-02-10,2021-08-26,197,8,343863,Low,4,0
P0096,2021-06-06,2021-12-22,199,9,259690,Medium,8,1
P0097,2021-01-15,2021-11-23,312,41,495324,High,8,1
P0098,2021-03-06,2021-08-04,151,12,269820,Medium,2,1
P0099,2022-06-05,2023-01-14,223,46,109616,High,2,0
P0100,2021-12-10,2022-01-13,34,32,396309,High,3,1
P0101,2021-05-09,2021-07-06,58,35,96231,Medium,3,0
P0102,2022-10-10,2023-04-22,194,13,279458,Medium,1,0
P0103,2022-04-17,2022-09-29,165,33,29623,Low,3,1
P0104,2021-03-04,2022-02-17,350,18,208747,Low,6,1
P0105,2021-05-19,2021-11-09,174,44,468298,Medium,8,0
P0106,2022-05-14,2023-05-05,356,45,486840,Low,10,1
P0107,2022-08-16,2023-04-19,246,26,115228,High,6,1
P0108,2022-01-27,2022-12-23,330,15,436346,High,5,0
P0109,2022-11-06,2023-04-16,161,27,192828,Medium,4,1
P0110,2022-02-23,2023-01-10,321,5,369768,Low,3,1
P0111,2021-10-16,2022-01-23,99,41,167364,Low,4,1
P0112,2022-01-14,2022-10-22,281,25,383929,Low,7,0
P0113,2022-05-05,2023-03-05,304,30,358350,Medium,1,0
P0114,2021-08-19,2022-03-18,211,40,79274,Medium,7,1
P0115,2021-02-10,2021-08-25,196,27,143541,High,1,0
P0116,2021-01-28,2021-05-28,120,5,63947,Medium,2,1
P0117,2021-05-15,2022-01-01,231,44,163606,High,4,0
P0118,2021-07-20,2021-09-06,48,19,204692,High,1,0
P0119,2021-02-02,2021-04-11,68,25,58874,Low,9,1
P0120,2021-02-17,2021-07-22,155,13,59708,High,6,0
P0121,2022-05-18,2022-12-06,202,13,84553,Low,1,0
P0122,2022-02-11,2022-07-31,170,14,78344,Low,1,0
P0123,2022-07-28,2023-04-25,271,30,321282,Medium,6,0
P0124,2022-12-29,2023-09-04,249,45,195374,Low,4,0
P0125,2021-04-09,2021-09-11,155,39,57638,Medium,4,1
P0126,2022-11-15,2023-02-10,87,29,88249,Medium,6,1
P0127,2022-12-27,2023-06-22,177,30,378009,Medium,7,1
P0128,2022-07-01,2023-06-12,346,15,12719,Low,9,1
P0129,2022-09-05,2022-10-05,30,42,163962,Medium,10,0
P0130,2022-04-07,2022-11-12,219,6,480452,Medium,5,1
P0131,2022-10-05,2023-05-13,220,11,439725,Medium,9,0
P0132,2021-01-05,2021-12-12,341,22,52534,Medium,4,0
P0133,2021-08-06,2021-12-30,146,31,102241,Low,10,1
P0134,2022-05-18,2022-10-28,163,38,422003,Medium,2,1
P0135,2022-02-02,2022-04-30,87,31,136209,Low,3,1
P0136,2022-01-28,2022-04-11,73,21,452061,Medium,1,0
P0137,2021-07-26,2022-02-13,202,47,199004,Medium,6,1
P0138,2021-01-15,2021-07-23,189,48,102124,Medium,6,1
P0139,2022-07-08,2023-01-26,202,28,101659,Medium,1,0
P0140,2022-04-06,2023-03-18,346,29,174134,High,3,0
P0141,2022-11-22,2023-10-20,332,11,85713,High,5,1
P0142,2022-07-29,2023-01-23,178,10,228335,High,3,1
P0143,2021-08-29,2021-12-16,109,28,498972,High,10,1
P0144,2022-07-18,2023-03-17,242,37,463677,Low,3,1
P0145,2021-04-06,2021-11-24,232,33,85418,Low,10,1
P0146,2022-04-30,2023-02-05,281,47,469888,Medium,3,1
P0147,2022-02-11,2022-10-27,258,26,138232,Low,5,1
P0148,2021-08-19,2022-02-28,193,30,438048,Medium,5,1
P0149,2022-10-17,2023-06-30,256,32,173038,Low,4,0
P0150,2021-06-20,2021-12-13,176,25,475761,Medium,1,1
P0151,2022-06-25,2022-08-13,49,11,416203,Medium,5,0
P0152,2021-02-05,2021-04-22,76,21,178383,Medium,10,1
P0153,2022-06-09,2023-02-26,262,24,303719,Medium,5,0
P0154,2021-06-09,2022-05-09,334,45,335996,High,4,1
P0155,2022-11-30,2023-01-12,43,24,268722,Medium,6,1
P0156,2021-08-31,2022-02-19,172,26,142079,High,10,1
P0157,2021-03-27,2021-04-26,30,32,212053,Low,4,1
P0158,2022-08-01,2022-10-23,83,44,86242,High,7,1
P0159,2022-11-13,2023-08-28,288,11,188589,Medium,7,0
P0160,2022-07-11,2022-12-31,173,5,39257,Low,2,1
P0161,2022-07-28,2022-09-07,41,36,490488,Low,3,1
P0162,2022-10-08,2023-10-02,359,17,445423,Medium,1,1
P0163,2021-01-28,2021-10-08,253,34,154353,Low,8,1
P0164,2022-09-12,2023-07-10,301,27,333390,Low,9,1
P0165,2022-07-10,2023-01-11,185,23,273579,Medium,4,0
P0166,2021-12-06,2022-01-12,37,36,239947,Medium,6,1
P0167,2021-11-27,2022-04-27,151,34,241758,Medium,9,1
P0168,2022-10-02,2023-04-13,193,33,101357,High,6,0
P0169,2022-05-21,2022-09-17,119,49,167732,Medium,9,1
P0170,2021-12-14,2022-05-28,165,33,408300,Medium,4,1
P0171,2022-04-18,2022-11-19,215,34,485413,Low,8,1
P0172,2021-08-19,2022-07-30,345,20,416723,Medium,9,0
P0173,2021-07-09,2022-02-01,207,44,213667,Low,4,1
P0174,2021-08-13,2021-10-09,57,23,93807,High,5,0
P0175,2022-01-20,2022-09-26,249,22,448755,High,8,1
P0176,2022-01-12,2022-03-23,70,5,388097,Medium,10,1
P0177,2021-10-10,2022-06-24,257,18,148563,Low,6,1
P0178,2022-09-25,2023-05-04,221,6,268778,High,7,1
P0179,2022-09-20,2023-03-13,174,32,191264,Medium,3,1
P0180,2021-09-16,2022-05-04,230,34,483611,Low,7,1
P0181,2021-12-25,2022-08-23,241,42,395941,Low,8,1
P0182,2022-12-11,2023-08-17,249,8,336032,Medium,10,1
P0183,2022-04-01,2022-12-26,269,5,83609,Low,6,1
P0184,2022-02-15,2022-05-01,75,12,281221,High,10,0
P0185,2022-10-11,2022-12-14,64,33,258512,Medium,9,0
P0186,2021-11-14,2022-08-23,282,43,263973,Low,6,1
P0187,2022-11-08,2023-02-27,111,7,293097,High,9,0
P0188,2021-08-13,2022-05-25,285,36,480135,Low,4,1
P0189,2021-08-22,2022-04-05,226,14,386826,Medium,8,1
P0190,2022-11-15,2023-10-13,332,14,340033,Low,4,0
P0191,2022-10-26,2022-12-04,39,23,164893,Low,2,0
P0192,2022-01-09,2022-12-16,341,38,440783,Medium,10,1
P0193,2022-11-03,2023-09-14,315,37,125374,Medium,9,0
P0194,2022-08-31,2023-05-29,271,27,34860,Medium,5,1
P0195,2022-04-17,2023-01-22,280,32,162267,Medium,4,1
P0196,2021-08-21,2021-09-24,34,36,87475,Medium,2,0
P0197,2022-11-23,2023-04-20,148,11,494090,Low,1,1
P0198,2021-04-23,2022-03-07,318,33,359410,Low,7,1
P0199,2022-05-12,2022-08-14,94,12,162499,High,6,0
P0200,2022-03-18,2022-09-09,175,5,372876,Medium,2,1
P0201,2022-07-18,2023-03-28,253,7,299227,Medium,8,1
P0202,2021-09-25,2022-06-20,268,28,228118,Low,4,0
P0203,2022-05-25,2022-12-17,206,27,329516,Low,8,1
P0204,2022-01-21,2022-11-13,296,12,133786,Medium,7,1
P0205,2022-01-22,2022-11-29,311,41,447280,High,5,1
P0206,2021-04-23,2021-07-24,92,7,17813,Medium,10,1
P0207,2022-09-05,2023-05-09,246,37,41598,High,10,0
P0208,2022-09-17,2023-08-27,344,32,267951,Medium,8,1
P0209,2021-03-22,2022-01-28,312,12,103106,Low,9,0
P0210,2022-11-30,2023-06-24,206,38,299226,Medium,5,1
P0211,2021-04-23,2021-08-28,127,39,301385,Low,10,1
P0212,2021-01-02,2021-05-16,134,36,237286,Low,5,0
P0213,2022-10-04,2023-02-09,128,28,447785,High,2,1
P0214,2021-08-08,2022-07-14,340,18,21745,Medium,5,1
P0215,2022-07-20,2022-08-24,35,36,298173,Medium,3,1
P0216,2021-08-13,2022-03-27,226,47,154097,Low,7,0
P0217,2022-01-20,2022-07-01,162,20,242732,Low,10,0
P0218,2022-02-07,2022-11-22,288,8,395539,Low,5,1
P0219,2022-09-30,2022-11-21,52,41,155360,Low,8,1
P0220,2021-05-10,2021-07-31,82,25,99186,Medium,1,0
P0221,2021-02-22,2021-09-04,194,18,409756,Low,3,1
P0222,2022-11-15,2023-07-04,231,35,369912,Medium,3,1
P0223,2022-12-31,2023-04-22,112,22,223030,Low,9,1
P0224,2022-11-03,2023-04-26,174,11,209950,Low,5,0
P0225,2022-12-11,2023-04-04,114,14,51846,Low,9,0
P0226,2022-02-20,2022-06-07,107,11,348076,Medium,9,0
P0227,2021-09-04,2021-10-04,30,37,158554,Medium,1,1
P0228,2022-03-15,2022-06-03,80,27,295555,Medium,2,1
P0229,2021-07-22,2022-02-09,202,25,454191,Medium,5,0
P0230,2021-07-03,2022-02-22,234,23,463761,Medium,4,0
P0231,2021-05-03,2022-02-16,289,23,350941,Low,10,1
P0232,2022-02-05,2022-12-19,317,40,324451,Low,9,1
P0233,2021-10-21,2021-12-23,63,33,406309,High,7,0
P0234,2021-10-07,2022-02-08,124,22,480474,Medium,6,1
P0235,2022-09-02,2022-12-12,101,6,294186,Low,7,1
P0236,2021-07-17,2021-09-23,68,5,62930,High,1,0
P0237,2022-05-26,2022-11-25,183,9,258656,Medium,1,0
P0238,2021-05-24,2022-02-27,279,24,447629,Low,8,1
P0239,2022-09-01,2023-03-11,191,15,254459,Medium,2,1
P0240,2021-07-20,2021-12-14,147,46,234695,Medium,10,1
P0241,2021-05-04,2022-02-16,288,6,370027,Medium,9,0
P0242,2021-07-06,2022-06-06,335,7,305900,Low,7,1
P0243,2021-11-22,2022-09-15,297,27,63268,Low,6,0
P0244,2022-04-09,2022-07-01,83,16,442430,Medium,1,0
P0245,2021-12-15,2022-09-06,265,24,222943,Medium,1,0
P0246,2022-10-22,2023-06-30,251,9,268916,High,2,0
P0247,2022-02-07,2022-11-14,280,41,431818,Medium,6,1
P0248,2021-12-12,2022-11-19,342,42,194403,Low,6,1
P0249,2022-05-26,2022-10-14,141,34,58901,Medium,2,0
P0250,2021-05-27,2022-03-07,284,13,372130,Low,1,1
P0251,2021-05-28,2022-04-25,332,38,204488,Medium,10,0
P0252,2022-12-12,2023-08-05,236,48,173268,Medium,5,1
P0253,2022-05-04,2023-01-17,258,39,400530,Low,5,1
P0254,2022-10-02,2023-01-05,95,26,277770,Medium,2,1
P0255,2022-07-05,2022-10-17,104,48,148496,Low,6,1
P0256,2021-12-04,2022-04-15,132,28,285001,Low,9,1
P0257,2022-10-03,2023-05-12,221,21,251531,Low,2,1
P0258,2022-04-18,2023-01-24,281,14,256693,Low,10,1
P0259,2021-05-31,2022-02-10,255,34,423198,High,2,1
P0260,2022-02-19,2023-01-08,323,27,480177,Medium,3,0
P0261,2021-10-25,2022-09-25,335,36,405196,Low,7,1
P0262,2022-09-03,2023-01-08,127,21,189362,Medium,6,1
P0263,2021-09-20,2022-08-01,315,21,36431,Low,8,1
P0264,2021-05-24,2022-05-23,364,18,357120,High,8,0
P0265,2021-12-12,2022-11-14,337,13,248360,Medium,6,0
P0266,2022-09-16,2023-06-21,278,44,354855,Medium,10,1
P0267,2022-07-26,2023-02-06,195,6,36385,Low,3,0
P0268,2021-01-02,2022-01-01,364,49,441374,Medium,3,1
P0269,2021-10-31,2021-12-29,59,29,426235,Medium,1,1
P0270,2021-09-11,2022-06-14,276,43,290783,High,7,0
P0271,2022-10-14,2023-02-26,135,13,95530,Low,5,0
P0272,2022-03-29,2022-06-17,80,26,240983,Low,4,0
P0273,2021-02-06,2021-05-27,110,47,293707,High,10,1
P0274,2021-06-09,2021-11-18,162,8,442557,Medium,4,0
P0275,2021-01-09,2021-11-19,314,30,387816,Low,4,0
P0276,2021-08-21,2022-02-04,167,33,408992,Low,6,1
P0277,2021-04-09,2021-11-08,213,49,439660,High,8,0
P0278,2022-10-21,2023-10-15,359,38,472132,Low,8,1
P0279,2021-07-27,2022-05-25,302,27,411927,Medium,5,1
P0280,2021-05-11,2021-08-17,98,41,215390,Medium,6,1
P0281,2022-02-08,2022-04-12,63,15,355114,Low,4,1
P0282,2021-06-01,2022-03-19,291,10,253373,Medium,9,1
P0283,2021-02-23,2021-05-16,82,22,357697,Low,8,1
P0284,2021-04-30,2021-12-20,234,25,171779,Low,10,0
P0285,2022-11-04,2023-04-08,155,46,180182,Medium,10,0
P0286,2022-09-20,2023-06-11,264,40,202860,High,1,1
P0287,2022-08-10,2022-10-21,72,45,92879,Medium,2,0
P0288,2022-09-17,2023-06-13,269,42,442043,Medium,9,0
P0289,2022-02-24,2022-07-14,140,38,248260,Low,8,0
P0290,2022-02-26,2022-12-01,278,21,408871,Low,3,1
P0291,2021-04-14,2021-10-11,180,41,317003,Low,8,1
P0292,2021-09-11,2022-04-11,212,29,456841,Low,1,0
P0293,2021-08-15,2021-12-17,124,42,324242,Low,10,1
P0294,2021-04-22,2021-05-29,37,16,156323,Low,4,1
P0295,2022-05-25,2022-12-24,213,27,132413,Low,3,1
P0296,2022-04-18,2023-02-22,310,46,272670,Low,6,1
P0297,2021-04-09,2021-11-19,224,26,340904,Medium,7,1
P0298,2021-06-02,2022-01-12,224,25,57837,High,4,0
P0299,2021-12-04,2022-06-06,184,31,270550,Low,7,1
P0300,2022-12-07,2023-04-08,122,35,283680,High,9,1
P0301,2021-06-12,2021-12-18,189,10,38541,High,2,0
P0302,2022-12-21,2023-03-21,90,31,89083,Low,3,1
P0303,2022-11-12,2023-04-12,151,44,454243,Medium,5,0
P0304,2021-06-10,2021-08-29,80,38,44531,Medium,3,0
P0305,2022-08-03,2023-06-05,306,16,280856,Medium,8,1
P0306,2022-02-02,2022-03-08,34,49,376245,Low,10,1
P0307,2021-10-04,2022-02-02,121,11,337599,Medium,8,1
P0308,2022-05-19,2022-12-04,199,14,84744,Low,8,0
P0309,2022-01-27,2023-01-08,346,49,262859,Medium,9,1
P0310,2021-05-15,2021-07-05,51,21,139749,Medium,4,1
P0311,2021-07-14,2022-07-04,355,30,277253,Medium,5,1
P0312,2022-02-05,2022-03-07,30,25,321412,Medium,5,1
P0313,2022-10-02,2023-03-13,162,32,241809,Medium,8,0
P0314,2021-02-02,2021-10-22,262,6,326759,Low,7,1
P0315,2022-11-19,2022-12-30,41,47,92503,Low,9,1
P0316,2022-04-05,2022-06-19,75,5,264346,High,8,1
P0317,2022-04-15,2022-06-17,63,40,432975,Low,2,1
P0318,2022-01-10,2022-04-27,107,30,95708,Low,10,1
P0319,2021-01-22,2021-09-26,247,33,201184,Low,4,0
P0320,2022-11-01,2023-09-27,330,25,112471,Low,6,1
P0321,2021-02-07,2021-05-20,102,15,264225,High,2,0
P0322,2021-08-18,2022-06-25,311,44,167661,Medium,7,1
P0323,2021-12-31,2022-10-05,278,15,171087,High,3,0
P0324,2022-07-17,2022-10-01,76,40,170081,Medium,3,1
P0325,2022-03-14,2022-08-11,150,43,355453,Medium,2,1
P0326,2021-10-10,2022-06-10,243,44,398590,Low,8,1
P0327,2021-01-27,2021-10-22,268,39,203118,Medium,6,1
P0328,2021-08-14,2021-11-07,85,38,378805,Low,1,1
P0329,2021-10-04,2022-02-17,136,28,167215,High,1,1
P0330,2022-09-01,2023-08-15,348,26,16154,High,7,0
P0331,2021-10-11,2021-12-27,77,9,162876,Low,8,1
P0332,2022-04-26,2022-07-25,90,37,444904,High,5,1
P0333,2022-03-29,2022-05-23,55,40,74288,High,5,1
P0334,2022-10-21,2023-09-07,321,24,61195,Medium,4,0
P0335,2022-05-31,2023-03-13,286,23,292725,Low,6,1
P0336,2022-07-01,2022-08-07,37,39,455864,Medium,6,1
P0337,2021-07-11,2021-11-30,142,47,302231,Medium,3,1
P0338,2021-02-18,2021-11-27,282,21,191002,Low,9,0
P0339,2022-05-27,2022-12-22,209,49,174053,Low,7,1
P0340,2021-01-17,2021-09-10,236,47,79298,Medium,1,1
P0341,2021-06-21,2022-05-19,332,38,318311,Low,7,0
P0342,2021-08-08,2022-01-11,156,13,216376,Medium,5,1
P0343,2021-06-07,2021-08-31,85,30,446624,High,5,1
P0344,2022-04-22,2022-12-21,243,6,49499,High,2,0
P0345,2021-02-15,2021-03-30,43,13,397960,Low,4,0
P0346,2022-01-08,2022-03-06,57,13,455485,High,6,1
P0347,2022-06-02,2022-09-17,107,44,179631,Low,10,0
P0348,2021-04-09,2021-12-10,245,21,255198,Low,7,1
P0349,2021-02-06,2021-08-08,183,5,477535,Medium,5,1
P0350,2021-10-07,2021-11-19,43,29,252997,Low,9,1
P0351,2021-12-15,2022-07-19,216,47,498533,Low,3,1
P0352,2022-05-12,2023-04-18,341,44,106347,Medium,1,0
P0353,2021-10-29,2021-12-04,36,46,320931,Low,4,1
P0354,2021-06-30,2021-08-01,32,29,307632,Low,9,1
P0355,2022-08-30,2023-01-17,140,43,346585,Medium,4,0
P0356,2021-04-09,2022-01-01,267,39,215735,Medium,2,0
P0357,2022-12-01,2023-08-26,268,7,32431,Medium,10,0
P0358,2021-04-26,2022-02-23,303,41,333825,Low,5,1
P0359,2021-07-10,2022-05-29,323,48,204555,Medium,3,0
P0360,2021-09-10,2022-05-24,256,48,132720,Low,9,1
P0361,2021-06-10,2021-07-24,44,34,59153,Low,4,0
P0362,2021-09-13,2022-04-22,221,42,278512,Medium,6,0
P0363,2021-11-19,2022-04-16,148,38,430640,Low,2,1
P0364,2021-05-08,2021-07-04,57,16,384504,Low,6,1
P0365,2021-01-18,2021-09-06,231,23,186076,Medium,3,1
P0366,2022-07-20,2022-09-26,68,41,487085,Medium,9,1
P0367,2022-07-24,2023-05-22,302,48,229724,Medium,2,0
P0368,2021-11-19,2022-08-06,260,21,384899,Low,9,0
P0369,2022-11-17,2023-03-12,115,14,66985,Low,5,0
P0370,2022-09-18,2023-02-20,155,16,322213,Low,8,1
P0371,2021-10-15,2022-09-09,329,20,324470,Low,2,0
P0372,2022-10-25,2022-12-18,54,28,118737,Medium,6,0
P0373,2022-10-01,2023-03-24,174,23,222133,High,3,0
P0374,2021-06-04,2021-07-16,42,12,164470,Medium,10,0
P0375,2022-05-05,2023-01-01,241,35,239465,Medium,5,1
P0376,2022-01-21,2022-03-16,54,25,60861,Medium,8,1
P0377,2021-04-14,2021-07-20,97,21,348041,Medium,10,0
P0378,2022-01-28,2022-05-04,96,27,222977,Low,1,0
P0379,2021-09-03,2022-05-23,262,41,137118,Medium,5,1
P0380,2021-06-25,2021-11-10,138,20,340721,Medium,3,1
P0381,2021-02-08,2021-08-02,175,10,206713,Low,4,1
P0382,2022-04-22,2022-09-09,140,12,19078,Low,2,0
P0383,2022-11-13,2023-07-28,257,29,428219,High,9,1
P0384,2022-06-22,2022-11-09,140,22,334912,Low,3,1
P0385,2022-02-12,2022-04-16,63,29,61047,Low,2,0
P0386,2022-06-09,2022-10-27,140,16,343770,Medium,10,0
P0387,2022-05-21,2023-03-10,293,19,329804,Medium,9,1
P0388,2021-02-05,2021-10-28,265,30,245458,Medium,7,1
P0389,2022-11-16,2023-03-08,112,45,453002,Medium,6,1
P0390,2021-01-20,2021-04-01,71,49,405141,Low,1,0
P0391,2021-11-17,2022-03-27,130,30,225048,Medium,5,1
P0392,2022-05-27,2022-07-01,35,36,246293,Low,3,1
P0393,2022-02-04,2022-09-01,209,14,127832,High,1,0
P0394,2022-10-16,2023-08-23,311,20,402550,Medium,4,0
P0395,2022-04-16,2023-03-31,349,11,135150,Low,2,0
P0396,2021-05-23,2022-02-02,255,21,167087,Low,2,0
P0397,2021-04-02,2022-03-12,344,27,43320,Low,3,0
P0398,2021-12-20,2022-09-04,258,30,337025,Low,8,1
P0399,2022-12-28,2023-11-11,318,25,100827,Low,8,0
P0400,2021-02-20,2021-08-18,179,26,374359,Medium,7,0
P0401,2022-10-27,2023-08-29,306,11,429505,Medium,6,1
P0402,2022-11-29,2023-07-14,227,18,269931,Low,9,1
P0403,2022-07-29,2022-11-05,99,19,406605,Low,4,1
P0404,2021-07-09,2021-11-27,141,11,428899,Low,1,0
P0405,2021-05-05,2021-06-07,33,13,416845,High,8,1
P0406,2021-05-30,2022-05-25,360,12,333694,Low,7,0
P0407,2021-11-10,2022-10-23,347,27,34826,Medium,7,0
P0408,2022-07-24,2022-11-25,124,33,110734,High,3,1
P0409,2021-12-08,2022-06-07,181,22,167702,Medium,4,1
P0410,2021-11-01,2022-10-07,340,35,239834,High,10,0
P0411,2022-11-23,2023-05-08,166,34,187235,Low,9,1
P0412,2022-11-13,2023-08-16,276,43,108511,High,6,0
P0413,2021-02-23,2021-11-22,272,39,469651,Low,5,0
P0414,2022-03-20,2022-05-19,60,22,283797,Low,3,1
P0415,2022-09-05,2022-11-13,69,46,169033,Medium,9,0
P0416,2021-09-21,2022-06-06,258,43,91941,High,5,1
P0417,2021-02-22,2021-04-28,65,21,215209,High,5,0
P0418,2022-07-26,2023-04-04,252,18,305806,Low,4,0
P0419,2022-09-12,2022-10-17,35,35,108818,Low,4,1
P0420,2021-01-05,2021-12-22,351,28,459662,High,1,0
P0421,2021-04-13,2021-12-18,249,39,162360,Low,7,1
P0422,2021-07-15,2021-10-27,104,48,263627,Medium,9,1
P0423,2021-12-16,2022-01-18,33,49,105081,High,3,1
P0424,2021-02-16,2022-02-15,364,38,46877,Medium,2,0
P0425,2022-10-18,2023-03-30,163,7,383706,Low,3,0
P0426,2021-09-26,2022-02-20,147,41,418529,Medium,1,1
P0427,2022-01-05,2022-05-08,123,47,221957,Low,6,1
P0428,2022-09-28,2022-12-28,91,44,82715,High,7,1
P0429,2021-04-16,2021-11-25,223,30,151398,Medium,2,1
P0430,2022-11-01,2023-10-31,364,27,120091,High,8,0
P0431,2022-10-21,2023-06-10,232,48,142632,Low,6,0
P0432,2022-10-19,2022-12-13,55,43,351292,High,4,0
P0433,2021-04-30,2021-11-18,202,19,93186,Medium,5,1
P0434,2022-08-27,2023-07-22,329,8,429961,Low,8,1
P0435,2021-02-27,2021-08-08,162,33,172962,Low,3,0
P0436,2021-12-12,2022-12-02,355,26,161094,Medium,3,1
P0437,2022-04-19,2022-09-13,147,29,395773,Medium,4,0
P0438,2021-04-27,2022-04-15,353,17,455795,High,1,0
P0439,2021-05-07,2022-03-07,304,22,80316,Low,9,1
P0440,2022-01-28,2022-09-26,241,37,487063,Low,8,0
P0441,2022-10-03,2023-06-14,254,20,38380,Medium,8,0
P0442,2021-02-27,2021-04-17,49,49,120198,Low,10,1
P0443,2022-09-26,2023-02-15,142,46,274500,Medium,6,1
P0444,2022-05-28,2022-11-13,169,48,80326,High,7,0
P0445,2021-04-06,2021-06-21,76,6,364591,High,6,0
P0446,2022-09-30,2022-10-30,30,39,124994,High,9,1
P0447,2021-04-28,2021-08-25,119,46,230971,Medium,3,1
P0448,2022-07-14,2023-01-01,171,38,292193,Low,3,0
P0449,2022-08-24,2023-08-08,349,34,478933,Medium,3,1
P0450,2022-05-03,2022-07-09,67,17,377505,Medium,10,1
P0451,2021-08-25,2022-07-13,322,17,288226,High,3,0
P0452,2021-09-29,2022-03-16,168,22,272805,Low,9,1
P0453,2021-07-08,2022-07-05,362,36,178484,Medium,4,1
P0454,2022-12-05,2023-09-19,288,36,275064,Low,7,1
P0455,2022-03-23,2022-09-29,190,39,494410,Medium,9,1
P0456,2022-08-04,2023-02-27,207,43,255378,High,7,1
P0457,2021-09-04,2021-10-13,39,33,463531,Medium,9,1
P0458,2021-03-17,2022-01-01,290,33,351705,Low,3,1
P0459,2021-06-03,2021-11-17,167,48,281090,High,4,0
P0460,2022-10-18,2023-05-07,201,20,235314,Medium,8,1
P0461,2022-03-11,2022-04-22,42,48,448716,Low,6,1
P0462,2021-03-27,2021-10-10,197,14,245612,Low,5,1
P0463,2022-11-28,2023-05-06,159,34,288453,Low,4,1
P0464,2021-10-12,2022-02-02,113,29,65230,Low,8,0
P0465,2021-08-08,2022-07-24,350,43,383966,High,1,0
P0466,2021-03-10,2022-02-21,348,24,433243,Medium,9,1
P0467,2021-02-16,2021-06-26,130,9,475757,High,1,1
P0468,2021-04-04,2022-03-28,358,5,384484,Low,8,1
P0469,2022-03-29,2023-01-25,302,34,69321,Low,4,1
P0470,2021-07-23,2022-05-13,294,7,142028,Medium,9,0
P0471,2021-08-06,2021-10-12,67,49,241447,Low,5,1
P0472,2022-04-19,2022-08-20,123,18,346275,Medium,3,0
P0473,2022-03-08,2022-07-10,124,34,451124,High,9,1
P0474,2021-12-07,2022-11-06,334,8,481555,Medium,9,0
P0475,2022-07-05,2022-10-11,98,22,298107,Medium,4,0
P0476,2022-09-04,2023-08-17,347,41,111757,Low,4,1
P0477,2021-10-16,2022-07-08,265,29,442659,Low,8,1
P0478,2021-09-11,2022-09-09,363,5,371403,Low,2,0
P0479,2021-12-23,2022-06-07,166,19,311207,Medium,9,1
P0480,2021-01-23,2021-05-08,105,13,386369,Low,6,0
P0481,2022-06-06,2022-08-09,64,19,388544,Low,9,1
P0482,2021-04-10,2021-05-10,30,28,352962,Medium,8,1
P0483,2021-06-29,2022-05-20,325,8,276847,Low,7,0
P0484,2021-08-11,2022-07-26,349,16,206200,Low,1,0
P0485,2022-10-21,2023-01-18,89,41,82099,Low,3,0
P0486,2022-03-18,2023-03-02,349,41,429065,High,2,0
P0487,2022-08-31,2023-08-23,357,47,172932,Medium,5,1
P0488,2021-11-21,2022-09-13,296,10,41585,Medium,5,1
P0489,2022-05-31,2023-02-13,258,43,425231,Low,5,1
P0490,2021-01-16,2021-11-11,299,28,480755,High,4,0
P0491,2021-12-02,2022-11-12,345,15,53585,Medium,5,1
P0492,2021-09-15,2022-07-27,315,17,299102,Low,3,1
P0493,2022-05-12,2023-03-28,320,38,298161,High,1,1
P0494,2021-06-09,2022-02-06,242,29,479923,Low,5,0
P0495,2022-04-20,2022-10-31,194,11,396821,Medium,9,1
P0496,2022-10-26,2022-11-29,34,8,448566,Medium,9,0
P0497,2022-11-21,2023-03-08,107,12,415417,Low,4,1
P0498,2022-11-06,2023-02-05,91,24,301570,High,3,1
P0499,2022-01-15,2022-06-25,161,33,289922,Medium,1,0
